<?xml version="1.0"?>
<!--<!DOCTYPE metadata SYSTEM "http://www.esri.com/metadata/esriprof80.dtd">-->
<metadata xml:lang="zh"><Esri><CreaDate>20161103</CreaDate><CreaTime>17523200</CreaTime><SyncOnce>FALSE</SyncOnce><DataProperties><lineage><Process ToolSource="C:\Program Files (x86)\ArcGIS\ArcToolbox\Toolboxes\Data Management Tools.tbx\Project" Date="20140607" Time="134819">Project F:\Paper_Data\Glacial_lake\Data\Shp\130038_G.shp F:\Paper_Data\Glacial_lake\Data\Shp_projected\130038_G.shp PROJCS['Albers Conical Equal Area',GEOGCS['GCS_WGS_1984',DATUM['D_WGS_1984',SPHEROID['WGS_1984',6378137.0,298.257223563]],PRIMEM['Greenwich',0.0],UNIT['Degree',0.0174532925199433]],PROJECTION['Albers'],PARAMETER['False_Easting',0.0],PARAMETER['False_Northing',0.0],PARAMETER['Central_Meridian',105.0],PARAMETER['Standard_Parallel_1',25.0],PARAMETER['Standard_Parallel_2',47.0],PARAMETER['Latitude_Of_Origin',0.0],UNIT['Meter',1.0]] # PROJCS['WGS_1984_UTM_Zone_48N',GEOGCS['GCS_WGS_1984',DATUM['D_WGS_1984',SPHEROID['WGS_1984',6378137.0,298.257223563]],PRIMEM['Greenwich',0.0],UNIT['Degree',0.0174532925199433]],PROJECTION['Transverse_Mercator'],PARAMETER['False_Easting',500000.0],PARAMETER['False_Northing',0.0],PARAMETER['Central_Meridian',105.0],PARAMETER['Scale_Factor',0.9996],PARAMETER['Latitude_Of_Origin',0.0],UNIT['Meter',1.0]]</Process><Process ToolSource="C:\Program Files (x86)\ArcGIS\ArcToolbox\Toolboxes\Data Management Tools.tbx\Merge" Date="20140607" Time="135303">Merge F:\Paper_Data\Glacial_lake\Data\Shp_projected\130038_G.shp;F:\Paper_Data\Glacial_lake\Data\Shp_projected\131039_G.shp;F:\Paper_Data\Glacial_lake\Data\Shp_projected\131040_G.shp;F:\Paper_Data\Glacial_lake\Data\Shp_projected\131041_G.shp;F:\Paper_Data\Glacial_lake\Data\Shp_projected\132034_G.shp;F:\Paper_Data\Glacial_lake\Data\Shp_projected\132037_G.shp;F:\Paper_Data\Glacial_lake\Data\Shp_projected\132038_G.shp;F:\Paper_Data\Glacial_lake\Data\Shp_projected\132039_G.shp;F:\Paper_Data\Glacial_lake\Data\Shp_projected\133035_G.shp;F:\Paper_Data\Glacial_lake\Data\Shp_projected\133036_G.shp;F:\Paper_Data\Glacial_lake\Data\Shp_projected\133038_G.shp;F:\Paper_Data\Glacial_lake\Data\Shp_projected\133040_G.shp;F:\Paper_Data\Glacial_lake\Data\Shp_projected\134039_G.shp;F:\Paper_Data\Glacial_lake\Data\Shp_projected\134040_G.shp;F:\Paper_Data\Glacial_lake\Data\Shp_projected\135033_G.shp;F:\Paper_Data\Glacial_lake\Data\Shp_projected\135038_G.shp;F:\Paper_Data\Glacial_lake\Data\Shp_projected\135039_G.shp;F:\Paper_Data\Glacial_lake\Data\Shp_projected\135040_G.shp;F:\Paper_Data\Glacial_lake\Data\Shp_projected\136033_G.shp;F:\Paper_Data\Glacial_lake\Data\Shp_projected\136034_G.shp;F:\Paper_Data\Glacial_lake\Data\Shp_projected\136037_G.shp;F:\Paper_Data\Glacial_lake\Data\Shp_projected\136038_G.shp;F:\Paper_Data\Glacial_lake\Data\Shp_projected\136039_G.shp;F:\Paper_Data\Glacial_lake\Data\Shp_projected\136040_G.shp;F:\Paper_Data\Glacial_lake\Data\Shp_projected\136041_G.shp;F:\Paper_Data\Glacial_lake\Data\Shp_projected\137033_G.shp;F:\Paper_Data\Glacial_lake\Data\Shp_projected\137035_G.shp;F:\Paper_Data\Glacial_lake\Data\Shp_projected\137037_G.shp;F:\Paper_Data\Glacial_lake\Data\Shp_projected\137038_G.shp;F:\Paper_Data\Glacial_lake\Data\Shp_projected\137039_G.shp;F:\Paper_Data\Glacial_lake\Data\Shp_projected\137040_G.shp;F:\Paper_Data\Glacial_lake\Data\Shp_projected\137041_G.shp;F:\Paper_Data\Glacial_lake\Data\Shp_projected\138035_G.shp;F:\Paper_Data\Glacial_lake\Data\Shp_projected\138037_G.shp;F:\Paper_Data\Glacial_lake\Data\Shp_projected\138038_G.shp;F:\Paper_Data\Glacial_lake\Data\Shp_projected\138039_G.shp;F:\Paper_Data\Glacial_lake\Data\Shp_projected\138040_G.shp;F:\Paper_Data\Glacial_lake\Data\Shp_projected\138041_G.shp;F:\Paper_Data\Glacial_lake\Data\Shp_projected\139035_G.shp;F:\Paper_Data\Glacial_lake\Data\Shp_projected\139039_G.shp;F:\Paper_Data\Glacial_lake\Data\Shp_projected\139041_G.shp;F:\Paper_Data\Glacial_lake\Data\Shp_projected\140033_G.shp;F:\Paper_Data\Glacial_lake\Data\Shp_projected\140034_G.shp;F:\Paper_Data\Glacial_lake\Data\Shp_projected\140035_G.shp;F:\Paper_Data\Glacial_lake\Data\Shp_projected\140036_G.shp;F:\Paper_Data\Glacial_lake\Data\Shp_projected\140037_G.shp;F:\Paper_Data\Glacial_lake\Data\Shp_projected\140039_G.shp;F:\Paper_Data\Glacial_lake\Data\Shp_projected\140040_G.shp;F:\Paper_Data\Glacial_lake\Data\Shp_projected\140041_G.shp;F:\Paper_Data\Glacial_lake\Data\Shp_projected\141034_G.shp;F:\Paper_Data\Glacial_lake\Data\Shp_projected\141035_G.shp;F:\Paper_Data\Glacial_lake\Data\Shp_projected\141038_G.shp;F:\Paper_Data\Glacial_lake\Data\Shp_projected\141039_G.shp;F:\Paper_Data\Glacial_lake\Data\Shp_projected\141040_G.shp;F:\Paper_Data\Glacial_lake\Data\Shp_projected\142034_G.shp;F:\Paper_Data\Glacial_lake\Data\Shp_projected\142035_G.shp;F:\Paper_Data\Glacial_lake\Data\Shp_projected\142036_G.shp;F:\Paper_Data\Glacial_lake\Data\Shp_projected\142039_G.shp;F:\Paper_Data\Glacial_lake\Data\Shp_projected\142040_G.shp;F:\Paper_Data\Glacial_lake\Data\Shp_projected\143034_G.shp;F:\Paper_Data\Glacial_lake\Data\Shp_projected\143038_G.shp;F:\Paper_Data\Glacial_lake\Data\Shp_projected\143039_G.shp;F:\Paper_Data\Glacial_lake\Data\Shp_projected\143040_G.shp;F:\Paper_Data\Glacial_lake\Data\Shp_projected\144035_G.shp;F:\Paper_Data\Glacial_lake\Data\Shp_projected\144036_G.shp;F:\Paper_Data\Glacial_lake\Data\Shp_projected\144037_G.shp;F:\Paper_Data\Glacial_lake\Data\Shp_projected\144038_G.shp;F:\Paper_Data\Glacial_lake\Data\Shp_projected\144039_G.shp;F:\Paper_Data\Glacial_lake\Data\Shp_projected\145035_G.shp;F:\Paper_Data\Glacial_lake\Data\Shp_projected\145036_G.shp;F:\Paper_Data\Glacial_lake\Data\Shp_projected\145037_G.shp;F:\Paper_Data\Glacial_lake\Data\Shp_projected\145038_G.shp;F:\Paper_Data\Glacial_lake\Data\Shp_projected\145039_G.shp;F:\Paper_Data\Glacial_lake\Data\Shp_projected\146035_G.shp;F:\Paper_Data\Glacial_lake\Data\Shp_projected\146036_G.shp;F:\Paper_Data\Glacial_lake\Data\Shp_projected\146037_G.shp;F:\Paper_Data\Glacial_lake\Data\Shp_projected\146038_G.shp;F:\Paper_Data\Glacial_lake\Data\Shp_projected\146039_G.shp;F:\Paper_Data\Glacial_lake\Data\Shp_projected\147035_G.shp;F:\Paper_Data\Glacial_lake\Data\Shp_projected\147036_G.shp;F:\Paper_Data\Glacial_lake\Data\Shp_projected\147037_G.shp;F:\Paper_Data\Glacial_lake\Data\Shp_projected\147038_G.shp;F:\Paper_Data\Glacial_lake\Data\Shp_projected\148034_G.shp;F:\Paper_Data\Glacial_lake\Data\Shp_projected\148035_G.shp;F:\Paper_Data\Glacial_lake\Data\Shp_projected\148036_G.shp;F:\Paper_Data\Glacial_lake\Data\Shp_projected\148037_G.shp;F:\Paper_Data\Glacial_lake\Data\Shp_projected\149033_G.shp;F:\Paper_Data\Glacial_lake\Data\Shp_projected\149034_G.shp;F:\Paper_Data\Glacial_lake\Data\Shp_projected\149035_G.shp;F:\Paper_Data\Glacial_lake\Data\Shp_projected\149036_G.shp;F:\Paper_Data\Glacial_lake\Data\Shp_projected\150033_G.shp;F:\Paper_Data\Glacial_lake\Data\Shp_projected\150034_G.shp;F:\Paper_Data\Glacial_lake\Data\Shp_projected\150035_G.shp;F:\Paper_Data\Glacial_lake\Data\Shp_projected\150036_G.shp;F:\Paper_Data\Glacial_lake\Data\Shp_projected\151033_G.shp;F:\Paper_Data\Glacial_lake\Data\Shp_projected\151034_G.shp;F:\Paper_Data\Glacial_lake\Data\Shp_projected\151035_G.shp;F:\Paper_Data\Glacial_lake\Data\Shp_projected\152033_G.shp;F:\Paper_Data\Glacial_lake\Data\Shp_projected\152034_G.shp;F:\Paper_Data\Glacial_lake\Data\Shp_projected\152035_G.shp F:\Paper_Data\Glacial_lake\Data\Shp_projected\2010_G_L_Merge_1.shp "Id 'Id' true true false 6 Long 0 6 ,First,#,F:\Paper_Data\Glacial_lake\Data\Shp_projected\130038_G.shp,Id,-1,-1,F:\Paper_Data\Glacial_lake\Data\Shp_projected\131039_G.shp,Id,-1,-1,F:\Paper_Data\Glacial_lake\Data\Shp_projected\131040_G.shp,Id,-1,-1,F:\Paper_Data\Glacial_lake\Data\Shp_projected\131041_G.shp,Id,-1,-1,F:\Paper_Data\Glacial_lake\Data\Shp_projected\132034_G.shp,Id,-1,-1,F:\Paper_Data\Glacial_lake\Data\Shp_projected\132037_G.shp,Id,-1,-1,F:\Paper_Data\Glacial_lake\Data\Shp_projected\132038_G.shp,Id,-1,-1,F:\Paper_Data\Glacial_lake\Data\Shp_projected\132039_G.shp,Id,-1,-1,F:\Paper_Data\Glacial_lake\Data\Shp_projected\133035_G.shp,Id,-1,-1,F:\Paper_Data\Glacial_lake\Data\Shp_projected\133036_G.shp,Id,-1,-1,F:\Paper_Data\Glacial_lake\Data\Shp_projected\133038_G.shp,Id,-1,-1,F:\Paper_Data\Glacial_lake\Data\Shp_projected\133040_G.shp,Id,-1,-1,F:\Paper_Data\Glacial_lake\Data\Shp_projected\134039_G.shp,Id,-1,-1,F:\Paper_Data\Glacial_lake\Data\Shp_projected\134040_G.shp,Id,-1,-1,F:\Paper_Data\Glacial_lake\Data\Shp_projected\135033_G.shp,Id,-1,-1,F:\Paper_Data\Glacial_lake\Data\Shp_projected\135038_G.shp,Id,-1,-1,F:\Paper_Data\Glacial_lake\Data\Shp_projected\135039_G.shp,Id,-1,-1,F:\Paper_Data\Glacial_lake\Data\Shp_projected\135040_G.shp,Id,-1,-1,F:\Paper_Data\Glacial_lake\Data\Shp_projected\136033_G.shp,Id,-1,-1,F:\Paper_Data\Glacial_lake\Data\Shp_projected\136034_G.shp,Id,-1,-1,F:\Paper_Data\Glacial_lake\Data\Shp_projected\136037_G.shp,Id,-1,-1,F:\Paper_Data\Glacial_lake\Data\Shp_projected\136038_G.shp,Id,-1,-1,F:\Paper_Data\Glacial_lake\Data\Shp_projected\136039_G.shp,Id,-1,-1,F:\Paper_Data\Glacial_lake\Data\Shp_projected\136040_G.shp,Id,-1,-1,F:\Paper_Data\Glacial_lake\Data\Shp_projected\136041_G.shp,Id,-1,-1,F:\Paper_Data\Glacial_lake\Data\Shp_projected\137033_G.shp,Id,-1,-1,F:\Paper_Data\Glacial_lake\Data\Shp_projected\137035_G.shp,Id,-1,-1,F:\Paper_Data\Glacial_lake\Data\Shp_projected\137037_G.shp,Id,-1,-1,F:\Paper_Data\Glacial_lake\Data\Shp_projected\137038_G.shp,Id,-1,-1,F:\Paper_Data\Glacial_lake\Data\Shp_projected\137039_G.shp,Id,-1,-1,F:\Paper_Data\Glacial_lake\Data\Shp_projected\137040_G.shp,Id,-1,-1,F:\Paper_Data\Glacial_lake\Data\Shp_projected\137041_G.shp,Id,-1,-1,F:\Paper_Data\Glacial_lake\Data\Shp_projected\138035_G.shp,Id,-1,-1,F:\Paper_Data\Glacial_lake\Data\Shp_projected\138037_G.shp,Id,-1,-1,F:\Paper_Data\Glacial_lake\Data\Shp_projected\138038_G.shp,Id,-1,-1,F:\Paper_Data\Glacial_lake\Data\Shp_projected\138039_G.shp,Id,-1,-1,F:\Paper_Data\Glacial_lake\Data\Shp_projected\138040_G.shp,Id,-1,-1,F:\Paper_Data\Glacial_lake\Data\Shp_projected\138041_G.shp,Id,-1,-1,F:\Paper_Data\Glacial_lake\Data\Shp_projected\139035_G.shp,Id,-1,-1,F:\Paper_Data\Glacial_lake\Data\Shp_projected\139039_G.shp,Id,-1,-1,F:\Paper_Data\Glacial_lake\Data\Shp_projected\139041_G.shp,Id,-1,-1,F:\Paper_Data\Glacial_lake\Data\Shp_projected\140033_G.shp,Id,-1,-1,F:\Paper_Data\Glacial_lake\Data\Shp_projected\140034_G.shp,Id,-1,-1,F:\Paper_Data\Glacial_lake\Data\Shp_projected\140035_G.shp,Id,-1,-1,F:\Paper_Data\Glacial_lake\Data\Shp_projected\140036_G.shp,Id,-1,-1,F:\Paper_Data\Glacial_lake\Data\Shp_projected\140037_G.shp,Id,-1,-1,F:\Paper_Data\Glacial_lake\Data\Shp_projected\140039_G.shp,Id,-1,-1,F:\Paper_Data\Glacial_lake\Data\Shp_projected\140040_G.shp,Id,-1,-1,F:\Paper_Data\Glacial_lake\Data\Shp_projected\140041_G.shp,Id,-1,-1,F:\Paper_Data\Glacial_lake\Data\Shp_projected\141034_G.shp,Id,-1,-1,F:\Paper_Data\Glacial_lake\Data\Shp_projected\141035_G.shp,Id,-1,-1,F:\Paper_Data\Glacial_lake\Data\Shp_projected\141038_G.shp,Id,-1,-1,F:\Paper_Data\Glacial_lake\Data\Shp_projected\141039_G.shp,Id,-1,-1,F:\Paper_Data\Glacial_lake\Data\Shp_projected\141040_G.shp,Id,-1,-1,F:\Paper_Data\Glacial_lake\Data\Shp_projected\142034_G.shp,Id,-1,-1,F:\Paper_Data\Glacial_lake\Data\Shp_projected\142035_G.shp,Id,-1,-1,F:\Paper_Data\Glacial_lake\Data\Shp_projected\142036_G.shp,Id,-1,-1,F:\Paper_Data\Glacial_lake\Data\Shp_projected\142039_G.shp,Id,-1,-1,F:\Paper_Data\Glacial_lake\Data\Shp_projected\142040_G.shp,Id,-1,-1,F:\Paper_Data\Glacial_lake\Data\Shp_projected\143034_G.shp,Id,-1,-1,F:\Paper_Data\Glacial_lake\Data\Shp_projected\143038_G.shp,Id,-1,-1,F:\Paper_Data\Glacial_lake\Data\Shp_projected\143039_G.shp,Id,-1,-1,F:\Paper_Data\Glacial_lake\Data\Shp_projected\143040_G.shp,Id,-1,-1,F:\Paper_Data\Glacial_lake\Data\Shp_projected\144035_G.shp,Id,-1,-1,F:\Paper_Data\Glacial_lake\Data\Shp_projected\144036_G.shp,Id,-1,-1,F:\Paper_Data\Glacial_lake\Data\Shp_projected\144037_G.shp,Id,-1,-1,F:\Paper_Data\Glacial_lake\Data\Shp_projected\144038_G.shp,Id,-1,-1,F:\Paper_Data\Glacial_lake\Data\Shp_projected\144039_G.shp,Id,-1,-1,F:\Paper_Data\Glacial_lake\Data\Shp_projected\145035_G.shp,Id,-1,-1,F:\Paper_Data\Glacial_lake\Data\Shp_projected\145036_G.shp,Id,-1,-1,F:\Paper_Data\Glacial_lake\Data\Shp_projected\145037_G.shp,Id,-1,-1,F:\Paper_Data\Glacial_lake\Data\Shp_projected\145038_G.shp,Id,-1,-1,F:\Paper_Data\Glacial_lake\Data\Shp_projected\145039_G.shp,Id,-1,-1,F:\Paper_Data\Glacial_lake\Data\Shp_projected\146035_G.shp,Id,-1,-1,F:\Paper_Data\Glacial_lake\Data\Shp_projected\146036_G.shp,Id,-1,-1,F:\Paper_Data\Glacial_lake\Data\Shp_projected\146037_G.shp,Id,-1,-1,F:\Paper_Data\Glacial_lake\Data\Shp_projected\146038_G.shp,Id,-1,-1,F:\Paper_Data\Glacial_lake\Data\Shp_projected\146039_G.shp,Id,-1,-1,F:\Paper_Data\Glacial_lake\Data\Shp_projected\147035_G.shp,Id,-1,-1,F:\Paper_Data\Glacial_lake\Data\Shp_projected\147036_G.shp,Id,-1,-1,F:\Paper_Data\Glacial_lake\Data\Shp_projected\147037_G.shp,Id,-1,-1,F:\Paper_Data\Glacial_lake\Data\Shp_projected\147038_G.shp,Id,-1,-1,F:\Paper_Data\Glacial_lake\Data\Shp_projected\148034_G.shp,Id,-1,-1,F:\Paper_Data\Glacial_lake\Data\Shp_projected\148035_G.shp,Id,-1,-1,F:\Paper_Data\Glacial_lake\Data\Shp_projected\148036_G.shp,Id,-1,-1,F:\Paper_Data\Glacial_lake\Data\Shp_projected\148037_G.shp,Id,-1,-1,F:\Paper_Data\Glacial_lake\Data\Shp_projected\149033_G.shp,Id,-1,-1,F:\Paper_Data\Glacial_lake\Data\Shp_projected\149034_G.shp,Id,-1,-1,F:\Paper_Data\Glacial_lake\Data\Shp_projected\149035_G.shp,Id,-1,-1,F:\Paper_Data\Glacial_lake\Data\Shp_projected\149036_G.shp,Id,-1,-1,F:\Paper_Data\Glacial_lake\Data\Shp_projected\150033_G.shp,Id,-1,-1,F:\Paper_Data\Glacial_lake\Data\Shp_projected\150034_G.shp,Id,-1,-1,F:\Paper_Data\Glacial_lake\Data\Shp_projected\150035_G.shp,Id,-1,-1,F:\Paper_Data\Glacial_lake\Data\Shp_projected\150036_G.shp,Id,-1,-1,F:\Paper_Data\Glacial_lake\Data\Shp_projected\151033_G.shp,Id,-1,-1,F:\Paper_Data\Glacial_lake\Data\Shp_projected\151034_G.shp,Id,-1,-1,F:\Paper_Data\Glacial_lake\Data\Shp_projected\151035_G.shp,Id,-1,-1,F:\Paper_Data\Glacial_lake\Data\Shp_projected\152033_G.shp,Id,-1,-1,F:\Paper_Data\Glacial_lake\Data\Shp_projected\152034_G.shp,Id,-1,-1,F:\Paper_Data\Glacial_lake\Data\Shp_projected\152035_G.shp,Id,-1,-1;Type 'Type' true true false 50 Text 0 0 ,First,#,F:\Paper_Data\Glacial_lake\Data\Shp_projected\130038_G.shp,Type,-1,-1,F:\Paper_Data\Glacial_lake\Data\Shp_projected\131039_G.shp,Type,-1,-1,F:\Paper_Data\Glacial_lake\Data\Shp_projected\131040_G.shp,Type,-1,-1,F:\Paper_Data\Glacial_lake\Data\Shp_projected\131041_G.shp,Type,-1,-1,F:\Paper_Data\Glacial_lake\Data\Shp_projected\132034_G.shp,Type,-1,-1,F:\Paper_Data\Glacial_lake\Data\Shp_projected\132037_G.shp,Type,-1,-1,F:\Paper_Data\Glacial_lake\Data\Shp_projected\132038_G.shp,Type,-1,-1,F:\Paper_Data\Glacial_lake\Data\Shp_projected\132039_G.shp,Type,-1,-1,F:\Paper_Data\Glacial_lake\Data\Shp_projected\133035_G.shp,Type,-1,-1,F:\Paper_Data\Glacial_lake\Data\Shp_projected\133036_G.shp,Type,-1,-1,F:\Paper_Data\Glacial_lake\Data\Shp_projected\133038_G.shp,Type,-1,-1,F:\Paper_Data\Glacial_lake\Data\Shp_projected\133040_G.shp,Type,-1,-1,F:\Paper_Data\Glacial_lake\Data\Shp_projected\134039_G.shp,Type,-1,-1,F:\Paper_Data\Glacial_lake\Data\Shp_projected\134040_G.shp,Type,-1,-1,F:\Paper_Data\Glacial_lake\Data\Shp_projected\135033_G.shp,Type,-1,-1,F:\Paper_Data\Glacial_lake\Data\Shp_projected\135038_G.shp,Type,-1,-1,F:\Paper_Data\Glacial_lake\Data\Shp_projected\135039_G.shp,Type,-1,-1,F:\Paper_Data\Glacial_lake\Data\Shp_projected\135040_G.shp,Type,-1,-1,F:\Paper_Data\Glacial_lake\Data\Shp_projected\136033_G.shp,Type,-1,-1,F:\Paper_Data\Glacial_lake\Data\Shp_projected\136034_G.shp,Type,-1,-1,F:\Paper_Data\Glacial_lake\Data\Shp_projected\136037_G.shp,Type,-1,-1,F:\Paper_Data\Glacial_lake\Data\Shp_projected\136038_G.shp,Type,-1,-1,F:\Paper_Data\Glacial_lake\Data\Shp_projected\136039_G.shp,Type,-1,-1,F:\Paper_Data\Glacial_lake\Data\Shp_projected\136040_G.shp,Type,-1,-1,F:\Paper_Data\Glacial_lake\Data\Shp_projected\136041_G.shp,Type,-1,-1,F:\Paper_Data\Glacial_lake\Data\Shp_projected\137033_G.shp,Type,-1,-1,F:\Paper_Data\Glacial_lake\Data\Shp_projected\137035_G.shp,Type,-1,-1,F:\Paper_Data\Glacial_lake\Data\Shp_projected\137037_G.shp,Type,-1,-1,F:\Paper_Data\Glacial_lake\Data\Shp_projected\137038_G.shp,Type,-1,-1,F:\Paper_Data\Glacial_lake\Data\Shp_projected\137039_G.shp,Type,-1,-1,F:\Paper_Data\Glacial_lake\Data\Shp_projected\137040_G.shp,Type,-1,-1,F:\Paper_Data\Glacial_lake\Data\Shp_projected\137041_G.shp,Type,-1,-1,F:\Paper_Data\Glacial_lake\Data\Shp_projected\138035_G.shp,Type,-1,-1,F:\Paper_Data\Glacial_lake\Data\Shp_projected\138037_G.shp,Type,-1,-1,F:\Paper_Data\Glacial_lake\Data\Shp_projected\138038_G.shp,Type,-1,-1,F:\Paper_Data\Glacial_lake\Data\Shp_projected\138039_G.shp,Type,-1,-1,F:\Paper_Data\Glacial_lake\Data\Shp_projected\138040_G.shp,Type,-1,-1,F:\Paper_Data\Glacial_lake\Data\Shp_projected\138041_G.shp,Type,-1,-1,F:\Paper_Data\Glacial_lake\Data\Shp_projected\139035_G.shp,Type,-1,-1,F:\Paper_Data\Glacial_lake\Data\Shp_projected\139039_G.shp,Type,-1,-1,F:\Paper_Data\Glacial_lake\Data\Shp_projected\139041_G.shp,Type,-1,-1,F:\Paper_Data\Glacial_lake\Data\Shp_projected\140033_G.shp,Type,-1,-1,F:\Paper_Data\Glacial_lake\Data\Shp_projected\140034_G.shp,Type,-1,-1,F:\Paper_Data\Glacial_lake\Data\Shp_projected\140035_G.shp,Type,-1,-1,F:\Paper_Data\Glacial_lake\Data\Shp_projected\140036_G.shp,Type,-1,-1,F:\Paper_Data\Glacial_lake\Data\Shp_projected\140037_G.shp,Type,-1,-1,F:\Paper_Data\Glacial_lake\Data\Shp_projected\140039_G.shp,Type,-1,-1,F:\Paper_Data\Glacial_lake\Data\Shp_projected\140040_G.shp,Type,-1,-1,F:\Paper_Data\Glacial_lake\Data\Shp_projected\140041_G.shp,Type,-1,-1,F:\Paper_Data\Glacial_lake\Data\Shp_projected\141034_G.shp,Type,-1,-1,F:\Paper_Data\Glacial_lake\Data\Shp_projected\141035_G.shp,Type,-1,-1,F:\Paper_Data\Glacial_lake\Data\Shp_projected\141038_G.shp,Type,-1,-1,F:\Paper_Data\Glacial_lake\Data\Shp_projected\141039_G.shp,Type,-1,-1,F:\Paper_Data\Glacial_lake\Data\Shp_projected\141040_G.shp,Type,-1,-1,F:\Paper_Data\Glacial_lake\Data\Shp_projected\142034_G.shp,Type,-1,-1,F:\Paper_Data\Glacial_lake\Data\Shp_projected\142035_G.shp,Type,-1,-1,F:\Paper_Data\Glacial_lake\Data\Shp_projected\142036_G.shp,Type,-1,-1,F:\Paper_Data\Glacial_lake\Data\Shp_projected\142039_G.shp,Type,-1,-1,F:\Paper_Data\Glacial_lake\Data\Shp_projected\142040_G.shp,Type,-1,-1,F:\Paper_Data\Glacial_lake\Data\Shp_projected\143034_G.shp,Type,-1,-1,F:\Paper_Data\Glacial_lake\Data\Shp_projected\143038_G.shp,Type,-1,-1,F:\Paper_Data\Glacial_lake\Data\Shp_projected\143039_G.shp,Type,-1,-1,F:\Paper_Data\Glacial_lake\Data\Shp_projected\143040_G.shp,Type,-1,-1,F:\Paper_Data\Glacial_lake\Data\Shp_projected\144035_G.shp,Type,-1,-1,F:\Paper_Data\Glacial_lake\Data\Shp_projected\144036_G.shp,Type,-1,-1,F:\Paper_Data\Glacial_lake\Data\Shp_projected\144037_G.shp,Type,-1,-1,F:\Paper_Data\Glacial_lake\Data\Shp_projected\144038_G.shp,Type,-1,-1,F:\Paper_Data\Glacial_lake\Data\Shp_projected\144039_G.shp,Type,-1,-1,F:\Paper_Data\Glacial_lake\Data\Shp_projected\145035_G.shp,Type,-1,-1,F:\Paper_Data\Glacial_lake\Data\Shp_projected\145036_G.shp,Type,-1,-1,F:\Paper_Data\Glacial_lake\Data\Shp_projected\145037_G.shp,Type,-1,-1,F:\Paper_Data\Glacial_lake\Data\Shp_projected\145038_G.shp,Type,-1,-1,F:\Paper_Data\Glacial_lake\Data\Shp_projected\145039_G.shp,Type,-1,-1,F:\Paper_Data\Glacial_lake\Data\Shp_projected\146035_G.shp,Type,-1,-1,F:\Paper_Data\Glacial_lake\Data\Shp_projected\146036_G.shp,Type,-1,-1,F:\Paper_Data\Glacial_lake\Data\Shp_projected\146037_G.shp,Type,-1,-1,F:\Paper_Data\Glacial_lake\Data\Shp_projected\146038_G.shp,Type,-1,-1,F:\Paper_Data\Glacial_lake\Data\Shp_projected\146039_G.shp,Type,-1,-1,F:\Paper_Data\Glacial_lake\Data\Shp_projected\147035_G.shp,Type,-1,-1,F:\Paper_Data\Glacial_lake\Data\Shp_projected\147036_G.shp,Type,-1,-1,F:\Paper_Data\Glacial_lake\Data\Shp_projected\147037_G.shp,Type,-1,-1,F:\Paper_Data\Glacial_lake\Data\Shp_projected\147038_G.shp,Type,-1,-1,F:\Paper_Data\Glacial_lake\Data\Shp_projected\148034_G.shp,Type,-1,-1,F:\Paper_Data\Glacial_lake\Data\Shp_projected\148035_G.shp,Type,-1,-1,F:\Paper_Data\Glacial_lake\Data\Shp_projected\148036_G.shp,Type,-1,-1,F:\Paper_Data\Glacial_lake\Data\Shp_projected\148037_G.shp,Type,-1,-1,F:\Paper_Data\Glacial_lake\Data\Shp_projected\149033_G.shp,Type,-1,-1,F:\Paper_Data\Glacial_lake\Data\Shp_projected\149034_G.shp,Type,-1,-1,F:\Paper_Data\Glacial_lake\Data\Shp_projected\149035_G.shp,Type,-1,-1,F:\Paper_Data\Glacial_lake\Data\Shp_projected\149036_G.shp,Type,-1,-1,F:\Paper_Data\Glacial_lake\Data\Shp_projected\150033_G.shp,Type,-1,-1,F:\Paper_Data\Glacial_lake\Data\Shp_projected\150034_G.shp,Type,-1,-1,F:\Paper_Data\Glacial_lake\Data\Shp_projected\150035_G.shp,Type,-1,-1,F:\Paper_Data\Glacial_lake\Data\Shp_projected\150036_G.shp,Type,-1,-1,F:\Paper_Data\Glacial_lake\Data\Shp_projected\151033_G.shp,Type,-1,-1,F:\Paper_Data\Glacial_lake\Data\Shp_projected\151034_G.shp,Type,-1,-1,F:\Paper_Data\Glacial_lake\Data\Shp_projected\151035_G.shp,Type,-1,-1,F:\Paper_Data\Glacial_lake\Data\Shp_projected\152033_G.shp,Type,-1,-1,F:\Paper_Data\Glacial_lake\Data\Shp_projected\152034_G.shp,Type,-1,-1,F:\Paper_Data\Glacial_lake\Data\Shp_projected\152035_G.shp,Type,-1,-1;PR 'PR' true true false 10 Text 0 0 ,First,#,F:\Paper_Data\Glacial_lake\Data\Shp_projected\130038_G.shp,PR,-1,-1,F:\Paper_Data\Glacial_lake\Data\Shp_projected\131039_G.shp,PR,-1,-1,F:\Paper_Data\Glacial_lake\Data\Shp_projected\131040_G.shp,PR,-1,-1,F:\Paper_Data\Glacial_lake\Data\Shp_projected\131041_G.shp,PR,-1,-1,F:\Paper_Data\Glacial_lake\Data\Shp_projected\132034_G.shp,PR,-1,-1,F:\Paper_Data\Glacial_lake\Data\Shp_projected\132037_G.shp,PR,-1,-1,F:\Paper_Data\Glacial_lake\Data\Shp_projected\132038_G.shp,PR,-1,-1,F:\Paper_Data\Glacial_lake\Data\Shp_projected\132039_G.shp,PR,-1,-1,F:\Paper_Data\Glacial_lake\Data\Shp_projected\133035_G.shp,PR,-1,-1,F:\Paper_Data\Glacial_lake\Data\Shp_projected\133036_G.shp,PR,-1,-1,F:\Paper_Data\Glacial_lake\Data\Shp_projected\133038_G.shp,PR,-1,-1,F:\Paper_Data\Glacial_lake\Data\Shp_projected\133040_G.shp,PR,-1,-1,F:\Paper_Data\Glacial_lake\Data\Shp_projected\134039_G.shp,PR,-1,-1,F:\Paper_Data\Glacial_lake\Data\Shp_projected\134040_G.shp,PR,-1,-1,F:\Paper_Data\Glacial_lake\Data\Shp_projected\135033_G.shp,PR,-1,-1,F:\Paper_Data\Glacial_lake\Data\Shp_projected\135038_G.shp,PR,-1,-1,F:\Paper_Data\Glacial_lake\Data\Shp_projected\135039_G.shp,PR,-1,-1,F:\Paper_Data\Glacial_lake\Data\Shp_projected\135040_G.shp,PR,-1,-1,F:\Paper_Data\Glacial_lake\Data\Shp_projected\136033_G.shp,PR,-1,-1,F:\Paper_Data\Glacial_lake\Data\Shp_projected\136034_G.shp,PR,-1,-1,F:\Paper_Data\Glacial_lake\Data\Shp_projected\136037_G.shp,PR,-1,-1,F:\Paper_Data\Glacial_lake\Data\Shp_projected\136038_G.shp,PR,-1,-1,F:\Paper_Data\Glacial_lake\Data\Shp_projected\136039_G.shp,PR,-1,-1,F:\Paper_Data\Glacial_lake\Data\Shp_projected\136040_G.shp,PR,-1,-1,F:\Paper_Data\Glacial_lake\Data\Shp_projected\136041_G.shp,PR,-1,-1,F:\Paper_Data\Glacial_lake\Data\Shp_projected\137033_G.shp,PR,-1,-1,F:\Paper_Data\Glacial_lake\Data\Shp_projected\137035_G.shp,PR,-1,-1,F:\Paper_Data\Glacial_lake\Data\Shp_projected\137037_G.shp,PR,-1,-1,F:\Paper_Data\Glacial_lake\Data\Shp_projected\137038_G.shp,PR,-1,-1,F:\Paper_Data\Glacial_lake\Data\Shp_projected\137039_G.shp,PR,-1,-1,F:\Paper_Data\Glacial_lake\Data\Shp_projected\137040_G.shp,PR,-1,-1,F:\Paper_Data\Glacial_lake\Data\Shp_projected\137041_G.shp,PR,-1,-1,F:\Paper_Data\Glacial_lake\Data\Shp_projected\138035_G.shp,PR,-1,-1,F:\Paper_Data\Glacial_lake\Data\Shp_projected\138037_G.shp,PR,-1,-1,F:\Paper_Data\Glacial_lake\Data\Shp_projected\138038_G.shp,PR,-1,-1,F:\Paper_Data\Glacial_lake\Data\Shp_projected\138039_G.shp,PR,-1,-1,F:\Paper_Data\Glacial_lake\Data\Shp_projected\138040_G.shp,PR,-1,-1,F:\Paper_Data\Glacial_lake\Data\Shp_projected\138041_G.shp,PR,-1,-1,F:\Paper_Data\Glacial_lake\Data\Shp_projected\139035_G.shp,PR,-1,-1,F:\Paper_Data\Glacial_lake\Data\Shp_projected\139039_G.shp,PR,-1,-1,F:\Paper_Data\Glacial_lake\Data\Shp_projected\139041_G.shp,PR,-1,-1,F:\Paper_Data\Glacial_lake\Data\Shp_projected\140033_G.shp,PR,-1,-1,F:\Paper_Data\Glacial_lake\Data\Shp_projected\140034_G.shp,PR,-1,-1,F:\Paper_Data\Glacial_lake\Data\Shp_projected\140035_G.shp,PR,-1,-1,F:\Paper_Data\Glacial_lake\Data\Shp_projected\140036_G.shp,PR,-1,-1,F:\Paper_Data\Glacial_lake\Data\Shp_projected\140037_G.shp,PR,-1,-1,F:\Paper_Data\Glacial_lake\Data\Shp_projected\140039_G.shp,PR,-1,-1,F:\Paper_Data\Glacial_lake\Data\Shp_projected\140040_G.shp,PR,-1,-1,F:\Paper_Data\Glacial_lake\Data\Shp_projected\140041_G.shp,PR,-1,-1,F:\Paper_Data\Glacial_lake\Data\Shp_projected\141034_G.shp,PR,-1,-1,F:\Paper_Data\Glacial_lake\Data\Shp_projected\141035_G.shp,PR,-1,-1,F:\Paper_Data\Glacial_lake\Data\Shp_projected\141038_G.shp,PR,-1,-1,F:\Paper_Data\Glacial_lake\Data\Shp_projected\141039_G.shp,PR,-1,-1,F:\Paper_Data\Glacial_lake\Data\Shp_projected\141040_G.shp,PR,-1,-1,F:\Paper_Data\Glacial_lake\Data\Shp_projected\142034_G.shp,PR,-1,-1,F:\Paper_Data\Glacial_lake\Data\Shp_projected\142035_G.shp,PR,-1,-1,F:\Paper_Data\Glacial_lake\Data\Shp_projected\142036_G.shp,PR,-1,-1,F:\Paper_Data\Glacial_lake\Data\Shp_projected\142039_G.shp,PR,-1,-1,F:\Paper_Data\Glacial_lake\Data\Shp_projected\142040_G.shp,PR,-1,-1,F:\Paper_Data\Glacial_lake\Data\Shp_projected\143034_G.shp,PR,-1,-1,F:\Paper_Data\Glacial_lake\Data\Shp_projected\143038_G.shp,PR,-1,-1,F:\Paper_Data\Glacial_lake\Data\Shp_projected\143039_G.shp,PR,-1,-1,F:\Paper_Data\Glacial_lake\Data\Shp_projected\143040_G.shp,PR,-1,-1,F:\Paper_Data\Glacial_lake\Data\Shp_projected\144035_G.shp,PR,-1,-1,F:\Paper_Data\Glacial_lake\Data\Shp_projected\144036_G.shp,PR,-1,-1,F:\Paper_Data\Glacial_lake\Data\Shp_projected\144037_G.shp,PR,-1,-1,F:\Paper_Data\Glacial_lake\Data\Shp_projected\144038_G.shp,PR,-1,-1,F:\Paper_Data\Glacial_lake\Data\Shp_projected\144039_G.shp,PR,-1,-1,F:\Paper_Data\Glacial_lake\Data\Shp_projected\145035_G.shp,PR,-1,-1,F:\Paper_Data\Glacial_lake\Data\Shp_projected\145036_G.shp,PR,-1,-1,F:\Paper_Data\Glacial_lake\Data\Shp_projected\145037_G.shp,PR,-1,-1,F:\Paper_Data\Glacial_lake\Data\Shp_projected\145038_G.shp,PR,-1,-1,F:\Paper_Data\Glacial_lake\Data\Shp_projected\145039_G.shp,PR,-1,-1,F:\Paper_Data\Glacial_lake\Data\Shp_projected\146035_G.shp,PR,-1,-1,F:\Paper_Data\Glacial_lake\Data\Shp_projected\146036_G.shp,PR,-1,-1,F:\Paper_Data\Glacial_lake\Data\Shp_projected\146037_G.shp,PR,-1,-1,F:\Paper_Data\Glacial_lake\Data\Shp_projected\146038_G.shp,PR,-1,-1,F:\Paper_Data\Glacial_lake\Data\Shp_projected\146039_G.shp,PR,-1,-1,F:\Paper_Data\Glacial_lake\Data\Shp_projected\147035_G.shp,PR,-1,-1,F:\Paper_Data\Glacial_lake\Data\Shp_projected\147036_G.shp,PR,-1,-1,F:\Paper_Data\Glacial_lake\Data\Shp_projected\147037_G.shp,PR,-1,-1,F:\Paper_Data\Glacial_lake\Data\Shp_projected\147038_G.shp,PR,-1,-1,F:\Paper_Data\Glacial_lake\Data\Shp_projected\148034_G.shp,PR,-1,-1,F:\Paper_Data\Glacial_lake\Data\Shp_projected\148035_G.shp,PR,-1,-1,F:\Paper_Data\Glacial_lake\Data\Shp_projected\148036_G.shp,PR,-1,-1,F:\Paper_Data\Glacial_lake\Data\Shp_projected\148037_G.shp,PR,-1,-1,F:\Paper_Data\Glacial_lake\Data\Shp_projected\149033_G.shp,PR,-1,-1,F:\Paper_Data\Glacial_lake\Data\Shp_projected\149034_G.shp,PR,-1,-1,F:\Paper_Data\Glacial_lake\Data\Shp_projected\149035_G.shp,PR,-1,-1,F:\Paper_Data\Glacial_lake\Data\Shp_projected\149036_G.shp,PR,-1,-1,F:\Paper_Data\Glacial_lake\Data\Shp_projected\150033_G.shp,PR,-1,-1,F:\Paper_Data\Glacial_lake\Data\Shp_projected\150034_G.shp,PR,-1,-1,F:\Paper_Data\Glacial_lake\Data\Shp_projected\150035_G.shp,PR,-1,-1,F:\Paper_Data\Glacial_lake\Data\Shp_projected\150036_G.shp,PR,-1,-1,F:\Paper_Data\Glacial_lake\Data\Shp_projected\151033_G.shp,PR,-1,-1,F:\Paper_Data\Glacial_lake\Data\Shp_projected\151034_G.shp,PR,-1,-1,F:\Paper_Data\Glacial_lake\Data\Shp_projected\151035_G.shp,PR,-1,-1,F:\Paper_Data\Glacial_lake\Data\Shp_projected\152033_G.shp,PR,-1,-1,F:\Paper_Data\Glacial_lake\Data\Shp_projected\152034_G.shp,PR,-1,-1,F:\Paper_Data\Glacial_lake\Data\Shp_projected\152035_G.shp,PR,-1,-1;Day 'Day' true true false 8 Date 0 0 ,First,#,F:\Paper_Data\Glacial_lake\Data\Shp_projected\130038_G.shp,Day,-1,-1,F:\Paper_Data\Glacial_lake\Data\Shp_projected\131039_G.shp,Day,-1,-1,F:\Paper_Data\Glacial_lake\Data\Shp_projected\131040_G.shp,Day,-1,-1,F:\Paper_Data\Glacial_lake\Data\Shp_projected\131041_G.shp,Day,-1,-1,F:\Paper_Data\Glacial_lake\Data\Shp_projected\132034_G.shp,Day,-1,-1,F:\Paper_Data\Glacial_lake\Data\Shp_projected\132037_G.shp,Day,-1,-1,F:\Paper_Data\Glacial_lake\Data\Shp_projected\132038_G.shp,Day,-1,-1,F:\Paper_Data\Glacial_lake\Data\Shp_projected\132039_G.shp,Day,-1,-1,F:\Paper_Data\Glacial_lake\Data\Shp_projected\133035_G.shp,Day,-1,-1,F:\Paper_Data\Glacial_lake\Data\Shp_projected\133036_G.shp,Day,-1,-1,F:\Paper_Data\Glacial_lake\Data\Shp_projected\133038_G.shp,Day,-1,-1,F:\Paper_Data\Glacial_lake\Data\Shp_projected\133040_G.shp,Day,-1,-1,F:\Paper_Data\Glacial_lake\Data\Shp_projected\134039_G.shp,Day,-1,-1,F:\Paper_Data\Glacial_lake\Data\Shp_projected\134040_G.shp,Day,-1,-1,F:\Paper_Data\Glacial_lake\Data\Shp_projected\135033_G.shp,Day,-1,-1,F:\Paper_Data\Glacial_lake\Data\Shp_projected\135038_G.shp,Day,-1,-1,F:\Paper_Data\Glacial_lake\Data\Shp_projected\135039_G.shp,Day,-1,-1,F:\Paper_Data\Glacial_lake\Data\Shp_projected\135040_G.shp,Day,-1,-1,F:\Paper_Data\Glacial_lake\Data\Shp_projected\136033_G.shp,Day,-1,-1,F:\Paper_Data\Glacial_lake\Data\Shp_projected\136034_G.shp,Day,-1,-1,F:\Paper_Data\Glacial_lake\Data\Shp_projected\136037_G.shp,Day,-1,-1,F:\Paper_Data\Glacial_lake\Data\Shp_projected\136038_G.shp,Day,-1,-1,F:\Paper_Data\Glacial_lake\Data\Shp_projected\136039_G.shp,Day,-1,-1,F:\Paper_Data\Glacial_lake\Data\Shp_projected\136040_G.shp,Day,-1,-1,F:\Paper_Data\Glacial_lake\Data\Shp_projected\136041_G.shp,Day,-1,-1,F:\Paper_Data\Glacial_lake\Data\Shp_projected\137033_G.shp,Day,-1,-1,F:\Paper_Data\Glacial_lake\Data\Shp_projected\137035_G.shp,Day,-1,-1,F:\Paper_Data\Glacial_lake\Data\Shp_projected\137037_G.shp,Day,-1,-1,F:\Paper_Data\Glacial_lake\Data\Shp_projected\137038_G.shp,Day,-1,-1,F:\Paper_Data\Glacial_lake\Data\Shp_projected\137039_G.shp,Day,-1,-1,F:\Paper_Data\Glacial_lake\Data\Shp_projected\137040_G.shp,Day,-1,-1,F:\Paper_Data\Glacial_lake\Data\Shp_projected\137041_G.shp,Day,-1,-1,F:\Paper_Data\Glacial_lake\Data\Shp_projected\138035_G.shp,Day,-1,-1,F:\Paper_Data\Glacial_lake\Data\Shp_projected\138037_G.shp,Day,-1,-1,F:\Paper_Data\Glacial_lake\Data\Shp_projected\138038_G.shp,Day,-1,-1,F:\Paper_Data\Glacial_lake\Data\Shp_projected\138039_G.shp,Day,-1,-1,F:\Paper_Data\Glacial_lake\Data\Shp_projected\138040_G.shp,Day,-1,-1,F:\Paper_Data\Glacial_lake\Data\Shp_projected\138041_G.shp,Day,-1,-1,F:\Paper_Data\Glacial_lake\Data\Shp_projected\139035_G.shp,Day,-1,-1,F:\Paper_Data\Glacial_lake\Data\Shp_projected\139039_G.shp,Day,-1,-1,F:\Paper_Data\Glacial_lake\Data\Shp_projected\139041_G.shp,Day,-1,-1,F:\Paper_Data\Glacial_lake\Data\Shp_projected\140033_G.shp,Day,-1,-1,F:\Paper_Data\Glacial_lake\Data\Shp_projected\140034_G.shp,Day,-1,-1,F:\Paper_Data\Glacial_lake\Data\Shp_projected\140035_G.shp,Day,-1,-1,F:\Paper_Data\Glacial_lake\Data\Shp_projected\140036_G.shp,Day,-1,-1,F:\Paper_Data\Glacial_lake\Data\Shp_projected\140037_G.shp,Day,-1,-1,F:\Paper_Data\Glacial_lake\Data\Shp_projected\140039_G.shp,Day,-1,-1,F:\Paper_Data\Glacial_lake\Data\Shp_projected\140040_G.shp,Day,-1,-1,F:\Paper_Data\Glacial_lake\Data\Shp_projected\140041_G.shp,Day,-1,-1,F:\Paper_Data\Glacial_lake\Data\Shp_projected\141034_G.shp,Day,-1,-1,F:\Paper_Data\Glacial_lake\Data\Shp_projected\141035_G.shp,Day,-1,-1,F:\Paper_Data\Glacial_lake\Data\Shp_projected\141038_G.shp,Day,-1,-1,F:\Paper_Data\Glacial_lake\Data\Shp_projected\141039_G.shp,Day,-1,-1,F:\Paper_Data\Glacial_lake\Data\Shp_projected\141040_G.shp,Day,-1,-1,F:\Paper_Data\Glacial_lake\Data\Shp_projected\142034_G.shp,Day,-1,-1,F:\Paper_Data\Glacial_lake\Data\Shp_projected\142035_G.shp,Day,-1,-1,F:\Paper_Data\Glacial_lake\Data\Shp_projected\142036_G.shp,Day,-1,-1,F:\Paper_Data\Glacial_lake\Data\Shp_projected\142039_G.shp,Day,-1,-1,F:\Paper_Data\Glacial_lake\Data\Shp_projected\142040_G.shp,Day,-1,-1,F:\Paper_Data\Glacial_lake\Data\Shp_projected\143034_G.shp,Day,-1,-1,F:\Paper_Data\Glacial_lake\Data\Shp_projected\143038_G.shp,Day,-1,-1,F:\Paper_Data\Glacial_lake\Data\Shp_projected\143039_G.shp,Day,-1,-1,F:\Paper_Data\Glacial_lake\Data\Shp_projected\143040_G.shp,Day,-1,-1,F:\Paper_Data\Glacial_lake\Data\Shp_projected\144035_G.shp,Day,-1,-1,F:\Paper_Data\Glacial_lake\Data\Shp_projected\144036_G.shp,Day,-1,-1,F:\Paper_Data\Glacial_lake\Data\Shp_projected\144037_G.shp,Day,-1,-1,F:\Paper_Data\Glacial_lake\Data\Shp_projected\144038_G.shp,Day,-1,-1,F:\Paper_Data\Glacial_lake\Data\Shp_projected\144039_G.shp,Day,-1,-1,F:\Paper_Data\Glacial_lake\Data\Shp_projected\145035_G.shp,Day,-1,-1,F:\Paper_Data\Glacial_lake\Data\Shp_projected\145036_G.shp,Day,-1,-1,F:\Paper_Data\Glacial_lake\Data\Shp_projected\145037_G.shp,Day,-1,-1,F:\Paper_Data\Glacial_lake\Data\Shp_projected\145038_G.shp,Day,-1,-1,F:\Paper_Data\Glacial_lake\Data\Shp_projected\145039_G.shp,Day,-1,-1,F:\Paper_Data\Glacial_lake\Data\Shp_projected\146035_G.shp,Day,-1,-1,F:\Paper_Data\Glacial_lake\Data\Shp_projected\146036_G.shp,Day,-1,-1,F:\Paper_Data\Glacial_lake\Data\Shp_projected\146037_G.shp,Day,-1,-1,F:\Paper_Data\Glacial_lake\Data\Shp_projected\146038_G.shp,Day,-1,-1,F:\Paper_Data\Glacial_lake\Data\Shp_projected\146039_G.shp,Day,-1,-1,F:\Paper_Data\Glacial_lake\Data\Shp_projected\147035_G.shp,Day,-1,-1,F:\Paper_Data\Glacial_lake\Data\Shp_projected\147036_G.shp,Day,-1,-1,F:\Paper_Data\Glacial_lake\Data\Shp_projected\147037_G.shp,Day,-1,-1,F:\Paper_Data\Glacial_lake\Data\Shp_projected\147038_G.shp,Day,-1,-1,F:\Paper_Data\Glacial_lake\Data\Shp_projected\148034_G.shp,Day,-1,-1,F:\Paper_Data\Glacial_lake\Data\Shp_projected\148035_G.shp,Day,-1,-1,F:\Paper_Data\Glacial_lake\Data\Shp_projected\148036_G.shp,Day,-1,-1,F:\Paper_Data\Glacial_lake\Data\Shp_projected\148037_G.shp,Day,-1,-1,F:\Paper_Data\Glacial_lake\Data\Shp_projected\149033_G.shp,Day,-1,-1,F:\Paper_Data\Glacial_lake\Data\Shp_projected\149034_G.shp,Day,-1,-1,F:\Paper_Data\Glacial_lake\Data\Shp_projected\149035_G.shp,Day,-1,-1,F:\Paper_Data\Glacial_lake\Data\Shp_projected\149036_G.shp,Day,-1,-1,F:\Paper_Data\Glacial_lake\Data\Shp_projected\150033_G.shp,Day,-1,-1,F:\Paper_Data\Glacial_lake\Data\Shp_projected\150034_G.shp,Day,-1,-1,F:\Paper_Data\Glacial_lake\Data\Shp_projected\150035_G.shp,Day,-1,-1,F:\Paper_Data\Glacial_lake\Data\Shp_projected\150036_G.shp,Day,-1,-1,F:\Paper_Data\Glacial_lake\Data\Shp_projected\151033_G.shp,Day,-1,-1,F:\Paper_Data\Glacial_lake\Data\Shp_projected\151034_G.shp,Day,-1,-1,F:\Paper_Data\Glacial_lake\Data\Shp_projected\151035_G.shp,Day,-1,-1,F:\Paper_Data\Glacial_lake\Data\Shp_projected\152033_G.shp,Day,-1,-1,F:\Paper_Data\Glacial_lake\Data\Shp_projected\152034_G.shp,Day,-1,-1,F:\Paper_Data\Glacial_lake\Data\Shp_projected\152035_G.shp,Day,-1,-1;NO 'NO' true true false 10 Text 0 0 ,First,#,F:\Paper_Data\Glacial_lake\Data\Shp_projected\130038_G.shp,NO,-1,-1,F:\Paper_Data\Glacial_lake\Data\Shp_projected\131039_G.shp,NO,-1,-1,F:\Paper_Data\Glacial_lake\Data\Shp_projected\131040_G.shp,NO,-1,-1,F:\Paper_Data\Glacial_lake\Data\Shp_projected\131041_G.shp,NO,-1,-1,F:\Paper_Data\Glacial_lake\Data\Shp_projected\132034_G.shp,NO,-1,-1,F:\Paper_Data\Glacial_lake\Data\Shp_projected\132037_G.shp,NO,-1,-1,F:\Paper_Data\Glacial_lake\Data\Shp_projected\132038_G.shp,NO,-1,-1,F:\Paper_Data\Glacial_lake\Data\Shp_projected\132039_G.shp,NO,-1,-1,F:\Paper_Data\Glacial_lake\Data\Shp_projected\133035_G.shp,NO,-1,-1,F:\Paper_Data\Glacial_lake\Data\Shp_projected\133036_G.shp,NO,-1,-1,F:\Paper_Data\Glacial_lake\Data\Shp_projected\133038_G.shp,NO,-1,-1,F:\Paper_Data\Glacial_lake\Data\Shp_projected\133040_G.shp,NO,-1,-1,F:\Paper_Data\Glacial_lake\Data\Shp_projected\134039_G.shp,NO,-1,-1,F:\Paper_Data\Glacial_lake\Data\Shp_projected\134040_G.shp,NO,-1,-1,F:\Paper_Data\Glacial_lake\Data\Shp_projected\135033_G.shp,NO,-1,-1,F:\Paper_Data\Glacial_lake\Data\Shp_projected\135038_G.shp,NO,-1,-1,F:\Paper_Data\Glacial_lake\Data\Shp_projected\135039_G.shp,NO,-1,-1,F:\Paper_Data\Glacial_lake\Data\Shp_projected\135040_G.shp,NO,-1,-1,F:\Paper_Data\Glacial_lake\Data\Shp_projected\136033_G.shp,NO,-1,-1,F:\Paper_Data\Glacial_lake\Data\Shp_projected\136034_G.shp,NO,-1,-1,F:\Paper_Data\Glacial_lake\Data\Shp_projected\136037_G.shp,NO,-1,-1,F:\Paper_Data\Glacial_lake\Data\Shp_projected\136038_G.shp,NO,-1,-1,F:\Paper_Data\Glacial_lake\Data\Shp_projected\136039_G.shp,NO,-1,-1,F:\Paper_Data\Glacial_lake\Data\Shp_projected\136040_G.shp,NO,-1,-1,F:\Paper_Data\Glacial_lake\Data\Shp_projected\136041_G.shp,NO,-1,-1,F:\Paper_Data\Glacial_lake\Data\Shp_projected\137033_G.shp,NO,-1,-1,F:\Paper_Data\Glacial_lake\Data\Shp_projected\137035_G.shp,NO,-1,-1,F:\Paper_Data\Glacial_lake\Data\Shp_projected\137037_G.shp,NO,-1,-1,F:\Paper_Data\Glacial_lake\Data\Shp_projected\137038_G.shp,NO,-1,-1,F:\Paper_Data\Glacial_lake\Data\Shp_projected\137039_G.shp,NO,-1,-1,F:\Paper_Data\Glacial_lake\Data\Shp_projected\137040_G.shp,NO,-1,-1,F:\Paper_Data\Glacial_lake\Data\Shp_projected\137041_G.shp,NO,-1,-1,F:\Paper_Data\Glacial_lake\Data\Shp_projected\138035_G.shp,NO,-1,-1,F:\Paper_Data\Glacial_lake\Data\Shp_projected\138037_G.shp,NO,-1,-1,F:\Paper_Data\Glacial_lake\Data\Shp_projected\138038_G.shp,NO,-1,-1,F:\Paper_Data\Glacial_lake\Data\Shp_projected\138039_G.shp,NO,-1,-1,F:\Paper_Data\Glacial_lake\Data\Shp_projected\138040_G.shp,NO,-1,-1,F:\Paper_Data\Glacial_lake\Data\Shp_projected\138041_G.shp,NO,-1,-1,F:\Paper_Data\Glacial_lake\Data\Shp_projected\139035_G.shp,NO,-1,-1,F:\Paper_Data\Glacial_lake\Data\Shp_projected\139039_G.shp,NO,-1,-1,F:\Paper_Data\Glacial_lake\Data\Shp_projected\139041_G.shp,NO,-1,-1,F:\Paper_Data\Glacial_lake\Data\Shp_projected\140033_G.shp,NO,-1,-1,F:\Paper_Data\Glacial_lake\Data\Shp_projected\140034_G.shp,NO,-1,-1,F:\Paper_Data\Glacial_lake\Data\Shp_projected\140035_G.shp,NO,-1,-1,F:\Paper_Data\Glacial_lake\Data\Shp_projected\140036_G.shp,NO,-1,-1,F:\Paper_Data\Glacial_lake\Data\Shp_projected\140037_G.shp,NO,-1,-1,F:\Paper_Data\Glacial_lake\Data\Shp_projected\140039_G.shp,NO,-1,-1,F:\Paper_Data\Glacial_lake\Data\Shp_projected\140040_G.shp,NO,-1,-1,F:\Paper_Data\Glacial_lake\Data\Shp_projected\140041_G.shp,NO,-1,-1,F:\Paper_Data\Glacial_lake\Data\Shp_projected\141034_G.shp,NO,-1,-1,F:\Paper_Data\Glacial_lake\Data\Shp_projected\141035_G.shp,NO,-1,-1,F:\Paper_Data\Glacial_lake\Data\Shp_projected\141038_G.shp,NO,-1,-1,F:\Paper_Data\Glacial_lake\Data\Shp_projected\141039_G.shp,NO,-1,-1,F:\Paper_Data\Glacial_lake\Data\Shp_projected\141040_G.shp,NO,-1,-1,F:\Paper_Data\Glacial_lake\Data\Shp_projected\142034_G.shp,NO,-1,-1,F:\Paper_Data\Glacial_lake\Data\Shp_projected\142035_G.shp,NO,-1,-1,F:\Paper_Data\Glacial_lake\Data\Shp_projected\142036_G.shp,NO,-1,-1,F:\Paper_Data\Glacial_lake\Data\Shp_projected\142039_G.shp,NO,-1,-1,F:\Paper_Data\Glacial_lake\Data\Shp_projected\142040_G.shp,NO,-1,-1,F:\Paper_Data\Glacial_lake\Data\Shp_projected\143034_G.shp,NO,-1,-1,F:\Paper_Data\Glacial_lake\Data\Shp_projected\143038_G.shp,NO,-1,-1,F:\Paper_Data\Glacial_lake\Data\Shp_projected\143039_G.shp,NO,-1,-1,F:\Paper_Data\Glacial_lake\Data\Shp_projected\143040_G.shp,NO,-1,-1,F:\Paper_Data\Glacial_lake\Data\Shp_projected\144035_G.shp,NO,-1,-1,F:\Paper_Data\Glacial_lake\Data\Shp_projected\144036_G.shp,NO,-1,-1,F:\Paper_Data\Glacial_lake\Data\Shp_projected\144037_G.shp,NO,-1,-1,F:\Paper_Data\Glacial_lake\Data\Shp_projected\144038_G.shp,NO,-1,-1,F:\Paper_Data\Glacial_lake\Data\Shp_projected\144039_G.shp,NO,-1,-1,F:\Paper_Data\Glacial_lake\Data\Shp_projected\145035_G.shp,NO,-1,-1,F:\Paper_Data\Glacial_lake\Data\Shp_projected\145036_G.shp,NO,-1,-1,F:\Paper_Data\Glacial_lake\Data\Shp_projected\145037_G.shp,NO,-1,-1,F:\Paper_Data\Glacial_lake\Data\Shp_projected\145038_G.shp,NO,-1,-1,F:\Paper_Data\Glacial_lake\Data\Shp_projected\145039_G.shp,NO,-1,-1,F:\Paper_Data\Glacial_lake\Data\Shp_projected\146035_G.shp,NO,-1,-1,F:\Paper_Data\Glacial_lake\Data\Shp_projected\146036_G.shp,NO,-1,-1,F:\Paper_Data\Glacial_lake\Data\Shp_projected\146037_G.shp,NO,-1,-1,F:\Paper_Data\Glacial_lake\Data\Shp_projected\146038_G.shp,NO,-1,-1,F:\Paper_Data\Glacial_lake\Data\Shp_projected\146039_G.shp,NO,-1,-1,F:\Paper_Data\Glacial_lake\Data\Shp_projected\147035_G.shp,NO,-1,-1,F:\Paper_Data\Glacial_lake\Data\Shp_projected\147036_G.shp,NO,-1,-1,F:\Paper_Data\Glacial_lake\Data\Shp_projected\147037_G.shp,NO,-1,-1,F:\Paper_Data\Glacial_lake\Data\Shp_projected\147038_G.shp,NO,-1,-1,F:\Paper_Data\Glacial_lake\Data\Shp_projected\148034_G.shp,NO,-1,-1,F:\Paper_Data\Glacial_lake\Data\Shp_projected\148035_G.shp,NO,-1,-1,F:\Paper_Data\Glacial_lake\Data\Shp_projected\148036_G.shp,NO,-1,-1,F:\Paper_Data\Glacial_lake\Data\Shp_projected\148037_G.shp,NO,-1,-1,F:\Paper_Data\Glacial_lake\Data\Shp_projected\149033_G.shp,NO,-1,-1,F:\Paper_Data\Glacial_lake\Data\Shp_projected\149034_G.shp,NO,-1,-1,F:\Paper_Data\Glacial_lake\Data\Shp_projected\149035_G.shp,NO,-1,-1,F:\Paper_Data\Glacial_lake\Data\Shp_projected\149036_G.shp,NO,-1,-1,F:\Paper_Data\Glacial_lake\Data\Shp_projected\150033_G.shp,NO,-1,-1,F:\Paper_Data\Glacial_lake\Data\Shp_projected\150034_G.shp,NO,-1,-1,F:\Paper_Data\Glacial_lake\Data\Shp_projected\150035_G.shp,NO,-1,-1,F:\Paper_Data\Glacial_lake\Data\Shp_projected\150036_G.shp,NO,-1,-1,F:\Paper_Data\Glacial_lake\Data\Shp_projected\151033_G.shp,NO,-1,-1,F:\Paper_Data\Glacial_lake\Data\Shp_projected\151034_G.shp,NO,-1,-1,F:\Paper_Data\Glacial_lake\Data\Shp_projected\151035_G.shp,NO,-1,-1,F:\Paper_Data\Glacial_lake\Data\Shp_projected\152033_G.shp,NO,-1,-1,F:\Paper_Data\Glacial_lake\Data\Shp_projected\152034_G.shp,NO,-1,-1,F:\Paper_Data\Glacial_lake\Data\Shp_projected\152035_G.shp,NO,-1,-1"</Process><Process Name="Select Layer By Location" ToolSource="C:\Program Files (x86)\ArcGIS\ArcToolbox\Toolboxes\Data Management Tools.tbx\SelectLayerByLocation" Date="20140802" Time="115514">SelectLayerByLocation G_lake_2010_2 INTERSECT # # NEW_SELECTION G_lake_2010_2</Process><Process ToolSource="C:\Program Files (x86)\ArcGIS\ArcToolbox\Toolboxes\Data Management Tools.tbx\SelectLayerByLocation" Date="20140802" Time="115550">SelectLayerByLocation G_lake_2010_2 INTERSECT watershed_AmuDarya # NEW_SELECTION G_lake_2010_2</Process><Process ToolSource="C:\Program Files (x86)\ArcGIS\ArcToolbox\Toolboxes\Data Management Tools.tbx\SelectLayerByLocation" Date="20140802" Time="115725">SelectLayerByLocation G_lake_2010_2 INTERSECT watershed_Tarim # NEW_SELECTION G_lake_2010_2</Process><Process ToolSource="C:\Program Files (x86)\ArcGIS\ArcToolbox\Toolboxes\Data Management Tools.tbx\SelectLayerByLocation" Date="20140802" Time="115757">SelectLayerByLocation G_lake_2010_2 INTERSECT watershed_Indus # NEW_SELECTION G_lake_2010_2</Process><Process ToolSource="C:\Program Files (x86)\ArcGIS\ArcToolbox\Toolboxes\Data Management Tools.tbx\SelectLayerByLocation" Date="20140802" Time="115826">SelectLayerByLocation G_lake_2010_2 INTERSECT watershed_Inner # NEW_SELECTION G_lake_2010_2</Process><Process ToolSource="C:\Program Files (x86)\ArcGIS\ArcToolbox\Toolboxes\Data Management Tools.tbx\SelectLayerByLocation" Date="20140802" Time="120126">SelectLayerByLocation G_lake_2010_2 INTERSECT Watershed_Qaidam # NEW_SELECTION G_lake_2010_2</Process><Process ToolSource="C:\Program Files (x86)\ArcGIS\ArcToolbox\Toolboxes\Data Management Tools.tbx\SelectLayerByLocation" Date="20140802" Time="120203">SelectLayerByLocation G_lake_2010_2 INTERSECT watershed_Hexi # NEW_SELECTION G_lake_2010_2</Process><Process ToolSource="C:\Program Files (x86)\ArcGIS\ArcToolbox\Toolboxes\Data Management Tools.tbx\SelectLayerByLocation" Date="20140802" Time="120229">SelectLayerByLocation G_lake_2010_2 INTERSECT watershed_Yellow # NEW_SELECTION G_lake_2010_2</Process><Process ToolSource="C:\Program Files (x86)\ArcGIS\ArcToolbox\Toolboxes\Data Management Tools.tbx\SelectLayerByLocation" Date="20140802" Time="120253">SelectLayerByLocation G_lake_2010_2 INTERSECT watershed_Yangtze # NEW_SELECTION G_lake_2010_2</Process><Process ToolSource="C:\Program Files (x86)\ArcGIS\ArcToolbox\Toolboxes\Data Management Tools.tbx\SelectLayerByLocation" Date="20140802" Time="120317">SelectLayerByLocation G_lake_2010_2 INTERSECT watershed_Mekong # NEW_SELECTION G_lake_2010_2</Process><Process ToolSource="C:\Program Files (x86)\ArcGIS\ArcToolbox\Toolboxes\Data Management Tools.tbx\SelectLayerByLocation" Date="20140802" Time="120346">SelectLayerByLocation G_lake_2010_2 INTERSECT watershed_Salween # NEW_SELECTION G_lake_2010_2</Process><Process ToolSource="C:\Program Files (x86)\ArcGIS\ArcToolbox\Toolboxes\Data Management Tools.tbx\SelectLayerByLocation" Date="20140802" Time="120415">SelectLayerByLocation G_lake_2010_2 INTERSECT watershed_Salween # NEW_SELECTION G_lake_2010_2</Process><Process ToolSource="C:\Program Files (x86)\ArcGIS\ArcToolbox\Toolboxes\Data Management Tools.tbx\SelectLayerByLocation" Date="20140802" Time="120443">SelectLayerByLocation G_lake_2010_2 INTERSECT watershed_Brahmaputra # NEW_SELECTION G_lake_2010_2</Process><Process ToolSource="C:\Program Files (x86)\ArcGIS\ArcToolbox\Toolboxes\Data Management Tools.tbx\SelectLayerByLocation" Date="20140802" Time="120512">SelectLayerByLocation G_lake_2010_2 INTERSECT watershed_Ganges # NEW_SELECTION G_lake_2010_2</Process><Process ToolSource="C:\Program Files (x86)\ArcGIS\ArcToolbox\Toolboxes\Data Management Tools.tbx\SelectLayerByLocation" Date="20140802" Time="124035">SelectLayerByLocation G_lake_2010_2 WITHIN watershed_Inner # NEW_SELECTION G_lake_2010_2</Process><Process ToolSource="C:\Program Files (x86)\ArcGIS\ArcToolbox\Toolboxes\Data Management Tools.tbx\SelectLayerByLocation" Date="20140802" Time="124126">SelectLayerByLocation G_lake_2010_2 WITHIN watershed_Inner # NEW_SELECTION G_lake_2010_2</Process><Process ToolSource="C:\Program Files (x86)\ArcGIS\ArcToolbox\Toolboxes\Data Management Tools.tbx\SelectLayerByLocation" Date="20140802" Time="124326">SelectLayerByLocation G_lake_2010_2 WITHIN watershed_AmuDarya # NEW_SELECTION G_lake_2010_2</Process><Process ToolSource="C:\Program Files (x86)\ArcGIS\ArcToolbox\Toolboxes\Data Management Tools.tbx\SelectLayerByLocation" Date="20140802" Time="124440">SelectLayerByLocation G_lake_2010_2 WITHIN watershed_Mekong # NEW_SELECTION G_lake_2010_2</Process><Process ToolSource="C:\Program Files (x86)\ArcGIS\ArcToolbox\Toolboxes\Data Management Tools.tbx\SelectLayerByLocation" Date="20140802" Time="124545">SelectLayerByLocation G_lake_2010_2 WITHIN watershed_Yangtze # NEW_SELECTION G_lake_2010_2</Process><Process ToolSource="C:\Program Files (x86)\ArcGIS\ArcToolbox\Toolboxes\Data Management Tools.tbx\SelectLayerByLocation" Date="20140802" Time="124608">SelectLayerByLocation G_lake_2010_2 WITHIN watershed_Ganges # NEW_SELECTION G_lake_2010_2</Process><Process ToolSource="C:\Program Files (x86)\ArcGIS\ArcToolbox\Toolboxes\Data Management Tools.tbx\SelectLayerByLocation" Date="20140802" Time="124828">SelectLayerByLocation G_lake_2010_2 WITHIN watershed_Tarim # NEW_SELECTION G_lake_2010_2</Process><Process ToolSource="C:\Program Files (x86)\ArcGIS\ArcToolbox\Toolboxes\Data Management Tools.tbx\SelectLayerByLocation" Date="20140802" Time="125004">SelectLayerByLocation G_lake_2010_2 WITHIN watershed_Yangtze # NEW_SELECTION G_lake_2010_2</Process><Process ToolSource="C:\Program Files (x86)\ArcGIS\ArcToolbox\Toolboxes\Data Management Tools.tbx\SelectLayerByLocation" Date="20140802" Time="125147">SelectLayerByLocation G_lake_2010_2 WITHIN watershed_AmuDarya # NEW_SELECTION G_lake_2010_2</Process><Process ToolSource="C:\Program Files (x86)\ArcGIS\ArcToolbox\Toolboxes\Data Management Tools.tbx\SelectLayerByLocation" Date="20140802" Time="125205">SelectLayerByLocation G_lake_2010_2 WITHIN watershed_Tarim # NEW_SELECTION G_lake_2010_2</Process><Process ToolSource="C:\Program Files (x86)\ArcGIS\ArcToolbox\Toolboxes\Data Management Tools.tbx\SelectLayerByLocation" Date="20140802" Time="125225">SelectLayerByLocation G_lake_2010_2 WITHIN watershed_Indus # NEW_SELECTION G_lake_2010_2</Process><Process ToolSource="C:\Program Files (x86)\ArcGIS\ArcToolbox\Toolboxes\Data Management Tools.tbx\SelectLayerByLocation" Date="20140802" Time="125245">SelectLayerByLocation G_lake_2010_2 WITHIN watershed_Inner # NEW_SELECTION G_lake_2010_2</Process><Process ToolSource="C:\Program Files (x86)\ArcGIS\ArcToolbox\Toolboxes\Data Management Tools.tbx\SelectLayerByLocation" Date="20140802" Time="125308">SelectLayerByLocation G_lake_2010_2 WITHIN Watershed_Qaidam # NEW_SELECTION G_lake_2010_2</Process><Process ToolSource="C:\Program Files (x86)\ArcGIS\ArcToolbox\Toolboxes\Data Management Tools.tbx\SelectLayerByLocation" Date="20140802" Time="125325">SelectLayerByLocation G_lake_2010_2 INTERSECT watershed_Hexi # NEW_SELECTION G_lake_2010_2</Process><Process ToolSource="C:\Program Files (x86)\ArcGIS\ArcToolbox\Toolboxes\Data Management Tools.tbx\SelectLayerByLocation" Date="20140802" Time="125339">SelectLayerByLocation G_lake_2010_2 WITHIN watershed_Hexi # NEW_SELECTION G_lake_2010_2</Process><Process ToolSource="C:\Program Files (x86)\ArcGIS\ArcToolbox\Toolboxes\Data Management Tools.tbx\SelectLayerByLocation" Date="20140802" Time="125402">SelectLayerByLocation G_lake_2010_2 WITHIN watershed_Yellow # NEW_SELECTION G_lake_2010_2</Process><Process ToolSource="C:\Program Files (x86)\ArcGIS\ArcToolbox\Toolboxes\Data Management Tools.tbx\SelectLayerByLocation" Date="20140802" Time="125436">SelectLayerByLocation G_lake_2010_2 WITHIN watershed_Yangtze # NEW_SELECTION G_lake_2010_2</Process><Process ToolSource="C:\Program Files (x86)\ArcGIS\ArcToolbox\Toolboxes\Data Management Tools.tbx\SelectLayerByLocation" Date="20140802" Time="125501">SelectLayerByLocation G_lake_2010_2 WITHIN watershed_Mekong # NEW_SELECTION G_lake_2010_2</Process><Process ToolSource="C:\Program Files (x86)\ArcGIS\ArcToolbox\Toolboxes\Data Management Tools.tbx\SelectLayerByLocation" Date="20140802" Time="125528">SelectLayerByLocation G_lake_2010_2 WITHIN watershed_Salween # NEW_SELECTION G_lake_2010_2</Process><Process ToolSource="C:\Program Files (x86)\ArcGIS\ArcToolbox\Toolboxes\Data Management Tools.tbx\SelectLayerByLocation" Date="20140802" Time="125601">SelectLayerByLocation G_lake_2010_2 WITHIN watershed_Brahmaputra # NEW_SELECTION G_lake_2010_2</Process><Process ToolSource="C:\Program Files (x86)\ArcGIS\ArcToolbox\Toolboxes\Data Management Tools.tbx\SelectLayerByLocation" Date="20140802" Time="125621">SelectLayerByLocation G_lake_2010_2 WITHIN watershed_Ganges # NEW_SELECTION G_lake_2010_2</Process><Process ToolSource="C:\Program Files (x86)\ArcGIS\ArcToolbox\Toolboxes\Data Management Tools.tbx\SelectLayerByLocation" Date="20140802" Time="130318">SelectLayerByLocation G_lake_2010_2 INTERSECT watershed_AmuDarya # NEW_SELECTION G_lake_2010_2</Process><Process ToolSource="C:\Program Files (x86)\ArcGIS\ArcToolbox\Toolboxes\Data Management Tools.tbx\SelectLayerByLocation" Date="20140802" Time="130739">SelectLayerByLocation G_lake_2010_2 INTERSECT watershed_AmuDarya # NEW_SELECTION G_lake_2010_2</Process><Process ToolSource="C:\Program Files (x86)\ArcGIS\ArcToolbox\Toolboxes\Data Management Tools.tbx\SelectLayerByLocation" Date="20140802" Time="130905">SelectLayerByLocation G_lake_2010_2 INTERSECT watershed_Indus # NEW_SELECTION G_lake_2010_2</Process><Process ToolSource="C:\Program Files (x86)\ArcGIS\ArcToolbox\Toolboxes\Data Management Tools.tbx\SelectLayerByLocation" Date="20140802" Time="130937">SelectLayerByLocation G_lake_2010_2 INTERSECT watershed_Inner # NEW_SELECTION G_lake_2010_2</Process><Process ToolSource="C:\Program Files (x86)\ArcGIS\ArcToolbox\Toolboxes\Data Management Tools.tbx\SelectLayerByLocation" Date="20140802" Time="131014">SelectLayerByLocation G_lake_2010_2 INTERSECT watershed_Yangtze # NEW_SELECTION G_lake_2010_2</Process><Process ToolSource="C:\Program Files (x86)\ArcGIS\ArcToolbox\Toolboxes\Data Management Tools.tbx\SelectLayerByLocation" Date="20140802" Time="131105">SelectLayerByLocation G_lake_2010_2 WITHIN watershed_Tarim # NEW_SELECTION G_lake_2010_2</Process><Process ToolSource="C:\Program Files (x86)\ArcGIS\ArcToolbox\Toolboxes\Data Management Tools.tbx\SelectLayerByLocation" Date="20140802" Time="131153">SelectLayerByLocation G_lake_2010_2 WITHIN Watershed_Qaidam # NEW_SELECTION G_lake_2010_2</Process><Process ToolSource="C:\Program Files (x86)\ArcGIS\ArcToolbox\Toolboxes\Data Management Tools.tbx\SelectLayerByLocation" Date="20140802" Time="131227">SelectLayerByLocation G_lake_2010_2 WITHIN watershed_Hexi # NEW_SELECTION G_lake_2010_2</Process><Process ToolSource="C:\Program Files (x86)\ArcGIS\ArcToolbox\Toolboxes\Data Management Tools.tbx\SelectLayerByLocation" Date="20140802" Time="131304">SelectLayerByLocation G_lake_2010_2 WITHIN watershed_Yellow # NEW_SELECTION G_lake_2010_2</Process><Process ToolSource="C:\Program Files (x86)\ArcGIS\ArcToolbox\Toolboxes\Data Management Tools.tbx\SelectLayerByLocation" Date="20140802" Time="131340">SelectLayerByLocation G_lake_2010_2 WITHIN watershed_Mekong # NEW_SELECTION G_lake_2010_2</Process><Process ToolSource="C:\Program Files (x86)\ArcGIS\ArcToolbox\Toolboxes\Data Management Tools.tbx\SelectLayerByLocation" Date="20140802" Time="131408">SelectLayerByLocation G_lake_2010_2 WITHIN watershed_Salween # NEW_SELECTION G_lake_2010_2</Process><Process ToolSource="C:\Program Files (x86)\ArcGIS\ArcToolbox\Toolboxes\Data Management Tools.tbx\SelectLayerByLocation" Date="20140802" Time="131440">SelectLayerByLocation G_lake_2010_2 WITHIN watershed_Brahmaputra # NEW_SELECTION G_lake_2010_2</Process><Process ToolSource="C:\Program Files (x86)\ArcGIS\ArcToolbox\Toolboxes\Data Management Tools.tbx\SelectLayerByLocation" Date="20140802" Time="131515">SelectLayerByLocation G_lake_2010_2 WITHIN watershed_Ganges # NEW_SELECTION G_lake_2010_2</Process><Process ToolSource="C:\Program Files (x86)\ArcGIS\ArcToolbox\Toolboxes\Data Management Tools.tbx\SelectLayerByLocation" Date="20140802" Time="132416">SelectLayerByLocation G_lake_2010_2 INTERSECT watershed_Hexi # NEW_SELECTION G_lake_2010_2</Process><Process ToolSource="C:\Program Files (x86)\ArcGIS\ArcToolbox\Toolboxes\Data Management Tools.tbx\SelectLayerByLocation" Date="20140802" Time="211720">SelectLayerByLocation G_lake_2010_2 WITHIN TP_Glacierbuffer_5km # NEW_SELECTION G_lake_2010_2</Process><Process ToolSource="C:\Program Files (x86)\ArcGIS\ArcToolbox\Toolboxes\Data Management Tools.tbx\SelectLayerByLocation" Date="20140802" Time="211941">SelectLayerByLocation G_lake_2010_2 WITHIN TP_Glacierbuffer_10km # NEW_SELECTION G_lake_2010_2</Process><Process ToolSource="C:\Program Files (x86)\ArcGIS\ArcToolbox\Toolboxes\Data Management Tools.tbx\SelectLayerByLocation" Date="20140802" Time="213821">SelectLayerByLocation G_lake_2010_2 INTERSECT TP_Glacierbuffer_10km # NEW_SELECTION G_lake_2010_2</Process><Process ToolSource="C:\Program Files (x86)\ArcGIS\ArcToolbox\Toolboxes\Data Management Tools.tbx\SelectLayerByLocation" Date="20140802" Time="213957">SelectLayerByLocation G_lake_2010_2 INTERSECT TP_Glacierbuffer_5km # NEW_SELECTION G_lake_2010_2</Process><Process ToolSource="C:\Program Files (x86)\ArcGIS\ArcToolbox\Toolboxes\Data Management Tools.tbx\SelectLayerByLocation" Date="20140802" Time="214247">SelectLayerByLocation G_lake_2010_2 INTERSECT "TP_Glacier buffer_2km" # NEW_SELECTION G_lake_2010_2</Process><Process ToolSource="C:\Program Files (x86)\ArcGIS\ArcToolbox\Toolboxes\Data Management Tools.tbx\SelectLayerByLocation" Date="20140802" Time="214442">SelectLayerByLocation G_lake_2010_2 INTERSECT TP_Glacierbuffer_5km # NEW_SELECTION G_lake_2010_2</Process><Process ToolSource="C:\Program Files (x86)\ArcGIS\ArcToolbox\Toolboxes\Data Management Tools.tbx\SelectLayerByLocation" Date="20150108" Time="204038">SelectLayerByLocation G_lake_2010_2 WITHIN Karakoram_boundary # NEW_SELECTION G_lake_2010_2</Process><Process ToolSource="C:\Program Files (x86)\ArcGIS\ArcToolbox\Toolboxes\Data Management Tools.tbx\SelectLayerByLocation" Date="20150108" Time="204138">SelectLayerByLocation G_lake_2010_2 WITHIN Karakoram_boundary # NEW_SELECTION G_lake_2010_2</Process><Process ToolSource="C:\Program Files (x86)\ArcGIS\ArcToolbox\Toolboxes\Data Management Tools.tbx\SelectLayerByLocation" Date="20150319" Time="155302">SelectLayerByLocation G_lake_2010_2 WITHIN 150035 # NEW_SELECTION G_lake_2010_2</Process><Process ToolSource="C:\Program Files (x86)\ArcGIS\ArcToolbox\Toolboxes\Data Management Tools.tbx\SelectLayerByLocation" Date="20150319" Time="160004">SelectLayerByLocation G_lake_2010_2 INTERSECT 148035 # NEW_SELECTION G_lake_2010_2</Process><Process ToolSource="C:\Program Files (x86)\ArcGIS\ArcToolbox\Toolboxes\Data Management Tools.tbx\SelectLayerByLocation" Date="20150319" Time="160118">SelectLayerByLocation G_lake_2010_2 WITHIN 148035 # NEW_SELECTION G_lake_2010_2</Process><Process ToolSource="C:\Program Files (x86)\ArcGIS\ArcToolbox\Toolboxes\Data Management Tools.tbx\SelectLayerByLocation" Date="20150319" Time="160750">SelectLayerByLocation G_lake_2010_2 INTERSECT Nepal # NEW_SELECTION G_lake_2010_2</Process><Process ToolSource="C:\Program Files (x86)\ArcGIS\ArcToolbox\Toolboxes\Data Management Tools.tbx\SelectLayerByLocation" Date="20150319" Time="160814">SelectLayerByLocation G_lake_2010_2 INTERSECT Nepal # NEW_SELECTION G_lake_2010_2</Process><Process ToolSource="C:\Program Files (x86)\ArcGIS\ArcToolbox\Toolboxes\Data Management Tools.tbx\SelectLayerByLocation" Date="20150319" Time="160917">SelectLayerByLocation G_lake_2010_2 INTERSECT Nepal # NEW_SELECTION G_lake_2010_2</Process><Process ToolSource="C:\Program Files (x86)\ArcGIS\ArcToolbox\Toolboxes\Data Management Tools.tbx\SelectLayerByLocation" Date="20150319" Time="204841">SelectLayerByLocation G_lake_2010_2 INTERSECT Karakoram # NEW_SELECTION G_lake_2010_2</Process><Process ToolSource="C:\Program Files (x86)\ArcGIS\ArcToolbox\Toolboxes\Data Management Tools.tbx\SelectLayerByLocation" Date="20150320" Time="095936">SelectLayerByLocation G_lake_2010_2 INTERSECT Pamir # NEW_SELECTION G_lake_2010_2</Process><Process ToolSource="C:\Program Files (x86)\ArcGIS\ArcToolbox\Toolboxes\Data Management Tools.tbx\SelectLayerByLocation" Date="20150320" Time="100358">SelectLayerByLocation G_lake_2010_2 INTERSECT Karakoram # NEW_SELECTION G_lake_2010_2</Process><Process ToolSource="C:\Program Files (x86)\ArcGIS\ArcToolbox\Toolboxes\Data Management Tools.tbx\SelectLayerByLocation" Date="20150320" Time="100724">SelectLayerByLocation G_lake_2010_2 INTERSECT Hindu_Kush # NEW_SELECTION G_lake_2010_2</Process><Process ToolSource="C:\Program Files (x86)\ArcGIS\ArcToolbox\Toolboxes\Data Management Tools.tbx\SelectLayerByLocation" Date="20150320" Time="100949">SelectLayerByLocation G_lake_2010_2 INTERSECT Spiti_Lahaul # NEW_SELECTION G_lake_2010_2</Process><Process ToolSource="C:\Program Files (x86)\ArcGIS\ArcToolbox\Toolboxes\Data Management Tools.tbx\SelectLayerByLocation" Date="20150320" Time="101120">SelectLayerByLocation G_lake_2010_2 INTERSECT West_Nepal # NEW_SELECTION G_lake_2010_2</Process><Process ToolSource="C:\Program Files (x86)\ArcGIS\ArcToolbox\Toolboxes\Data Management Tools.tbx\SelectLayerByLocation" Date="20150320" Time="101324">SelectLayerByLocation G_lake_2010_2 INTERSECT Everest # NEW_SELECTION G_lake_2010_2</Process><Process ToolSource="C:\Program Files (x86)\ArcGIS\ArcToolbox\Toolboxes\Data Management Tools.tbx\SelectLayerByLocation" Date="20150320" Time="101501">SelectLayerByLocation G_lake_2010_2 INTERSECT Bhutan # NEW_SELECTION G_lake_2010_2</Process><Process ToolSource="C:\Program Files (x86)\ArcGIS\ArcToolbox\Toolboxes\Data Management Tools.tbx\SelectLayerByLocation" Date="20150320" Time="101804">SelectLayerByLocation G_lake_2010_2 INTERSECT East_Nyainq # NEW_SELECTION G_lake_2010_2</Process><Process ToolSource="C:\Program Files (x86)\ArcGIS\ArcToolbox\Toolboxes\Data Management Tools.tbx\SelectLayerByLocation" Date="20150320" Time="161903">SelectLayerByLocation G_lake_2010_2 INTERSECT Karakoram # NEW_SELECTION G_lake_2010_2</Process></lineage></DataProperties><SyncDate>20140607</SyncDate><SyncTime>13521100</SyncTime><ModDate>20140607</ModDate><ModTime>13521100</ModTime><ArcGISFormat>1.0</ArcGISFormat></Esri><idinfo><native Sync="TRUE">Microsoft Windows Vista Version 6.1 (Build 7601) Service Pack 1; ESRI ArcCatalog 9.3.1.4000</native><descript><langdata Sync="TRUE">zh</langdata><abstract>REQUIRED: A brief narrative summary of the data set.</abstract><purpose>REQUIRED: A summary of the intentions with which the data set was developed.</purpose></descript><citation><citeinfo><origin>REQUIRED: The name of an organization or individual that developed the data set.</origin><pubdate>REQUIRED: The date when the data set is published or otherwise made available for release.</pubdate><title Sync="TRUE">2010_G_L_Merge_1</title><ftname Sync="TRUE">2010_G_L_Merge_1</ftname><geoform Sync="TRUE">vector digital data</geoform><onlink Sync="TRUE"></onlink></citeinfo></citation><timeperd><current>REQUIRED: The basis on which the time period of content information is determined.</current><timeinfo><sngdate><caldate>REQUIRED: The year (and optionally month, or month and day) for which the data set corresponds to the ground.</caldate></sngdate></timeinfo></timeperd><status><progress>REQUIRED: The state of the data set.</progress><update>REQUIRED: The frequency with which changes and additions are made to the data set after the initial data set is completed.</update></status><spdom><bounding><westbc Sync="TRUE">REQUIRED: Western-most coordinate of the limit of coverage expressed in longitude.</westbc><eastbc Sync="TRUE">REQUIRED: Eastern-most coordinate of the limit of coverage expressed in longitude.</eastbc><northbc Sync="TRUE">REQUIRED: Northern-most coordinate of the limit of coverage expressed in latitude.</northbc><southbc Sync="TRUE">REQUIRED: Southern-most coordinate of the limit of coverage expressed in latitude.</southbc></bounding></spdom><keywords><theme><themekt>REQUIRED: Reference to a formally registered thesaurus or a similar authoritative source of theme keywords.</themekt><themekey>REQUIRED: Common-use word or phrase used to describe the subject of the data set.</themekey></theme></keywords><accconst>REQUIRED: Restrictions and legal prerequisites for accessing the data set.</accconst><useconst>REQUIRED: Restrictions and legal prerequisites for using the data set after access is granted.</useconst><natvform Sync="TRUE">Shapefile</natvform></idinfo><dataIdInfo><envirDesc Sync="TRUE">Microsoft Windows Vista Version 6.1 (Build 7601) Service Pack 1; ESRI ArcCatalog 9.3.1.4000</envirDesc><dataLang><languageCode Sync="TRUE" value="zh"></languageCode></dataLang><idCitation><resTitle Sync="TRUE">2010_G_L_Merge_1</resTitle><presForm><PresFormCd Sync="TRUE" value="005"></PresFormCd></presForm></idCitation><spatRpType><SpatRepTypCd Sync="TRUE" value="001"></SpatRepTypCd></spatRpType></dataIdInfo><metainfo><langmeta Sync="TRUE">zh</langmeta><metstdn Sync="TRUE">FGDC Content Standards for Digital Geospatial Metadata</metstdn><metstdv Sync="TRUE">FGDC-STD-001-1998</metstdv><mettc Sync="TRUE">local time</mettc><metextns><onlink Sync="TRUE">http://www.esri.com/metadata/esriprof80.html</onlink><metprof Sync="TRUE">ESRI Metadata Profile</metprof></metextns><metc><cntinfo><cntorgp><cntper>REQUIRED: The person responsible for the metadata information.</cntper><cntorg>REQUIRED: The organization responsible for the metadata information.</cntorg></cntorgp><cntaddr><addrtype>REQUIRED: The mailing and/or physical address for the organization or individual.</addrtype><city>REQUIRED: The city of the address.</city><state>REQUIRED: The state or province of the address.</state><postal>REQUIRED: The ZIP or other postal code of the address.</postal></cntaddr><cntvoice>REQUIRED: The telephone number by which individuals can speak to the organization or individual.</cntvoice></cntinfo></metc><metd Sync="TRUE">20140607</metd></metainfo><mdLang><languageCode Sync="TRUE" value="zh"></languageCode></mdLang><mdStanName Sync="TRUE">ISO 19115 Geographic Information - Metadata</mdStanName><mdStanVer Sync="TRUE">DIS_ESRI1.0</mdStanVer><mdChar><CharSetCd Sync="TRUE" value="004"></CharSetCd></mdChar><mdHrLv><ScopeCd Sync="TRUE" value="005"></ScopeCd></mdHrLv><mdHrLvName Sync="TRUE">dataset</mdHrLvName><distinfo><resdesc Sync="TRUE">Downloadable Data</resdesc><stdorder><digform><digtinfo><transize Sync="TRUE">0.000</transize><dssize Sync="TRUE">0.000</dssize></digtinfo></digform></stdorder></distinfo><distInfo><distributor><distorTran><onLineSrc><orDesc Sync="TRUE">002</orDesc><linkage Sync="TRUE">file://</linkage><protocol Sync="TRUE">Local Area Network</protocol></onLineSrc><transSize Sync="TRUE">0.000</transSize></distorTran><distorFormat><formatName Sync="TRUE">Shapefile</formatName></distorFormat></distributor></distInfo><spdoinfo><direct Sync="TRUE">Vector</direct><ptvctinf><esriterm Name="2010_G_L_Merge_1"><efeatyp Sync="TRUE">Simple</efeatyp><efeageom Sync="TRUE">Polygon</efeageom><esritopo Sync="TRUE">FALSE</esritopo><efeacnt Sync="TRUE">0</efeacnt><spindex Sync="TRUE">FALSE</spindex><linrefer Sync="TRUE">FALSE</linrefer></esriterm><sdtsterm Name="2010_G_L_Merge_1"><sdtstype Sync="TRUE">G-polygon</sdtstype><ptvctcnt Sync="TRUE">0</ptvctcnt></sdtsterm></ptvctinf></spdoinfo><spref><horizsys><cordsysn><geogcsn Sync="TRUE">GCS_WGS_1984</geogcsn><projcsn Sync="TRUE">Albers Conical Equal Area</projcsn></cordsysn><planar><mapproj><mapprojn Sync="TRUE">Albers Conical Equal Area</mapprojn><albers><stdparll Sync="TRUE">25.000000</stdparll><stdparll Sync="TRUE">47.000000</stdparll><longcm Sync="TRUE">105.000000</longcm><latprjo Sync="TRUE">0.000000</latprjo><feast Sync="TRUE">0.000000</feast><fnorth Sync="TRUE">0.000000</fnorth></albers></mapproj><planci><plance Sync="TRUE">coordinate pair</plance><plandu Sync="TRUE">meters</plandu><coordrep><absres Sync="TRUE">0.000000</absres><ordres Sync="TRUE">0.000000</ordres></coordrep></planci></planar><geodetic><horizdn Sync="TRUE">D_WGS_1984</horizdn><ellips Sync="TRUE">WGS_1984</ellips><semiaxis Sync="TRUE">6378137.000000</semiaxis><denflat Sync="TRUE">298.257224</denflat></geodetic></horizsys></spref><refSysInfo><RefSystem><refSysID><identCode Sync="TRUE">Albers Conical Equal Area</identCode></refSysID></RefSystem></refSysInfo><spatRepInfo><VectSpatRep><topLvl><TopoLevCd Sync="TRUE" value="001"></TopoLevCd></topLvl><geometObjs Name="2010_G_L_Merge_1"><geoObjTyp><GeoObjTypCd Sync="TRUE" value="001"></GeoObjTypCd></geoObjTyp><geoObjCnt Sync="TRUE">0</geoObjCnt></geometObjs></VectSpatRep></spatRepInfo><eainfo><detailed Name="2010_G_L_Merge_1"><enttyp><enttypl Sync="TRUE">2010_G_L_Merge_1</enttypl><enttypt Sync="TRUE">Feature Class</enttypt><enttypc Sync="TRUE">0</enttypc></enttyp><attr><attrlabl Sync="TRUE">FID</attrlabl><attalias Sync="TRUE">FID</attalias><attrtype Sync="TRUE">OID</attrtype><attwidth Sync="TRUE">4</attwidth><atprecis Sync="TRUE">0</atprecis><attscale Sync="TRUE">0</attscale><attrdef Sync="TRUE">Internal feature number.</attrdef><attrdefs Sync="TRUE">ESRI</attrdefs><attrdomv><udom Sync="TRUE">Sequential unique whole numbers that are automatically generated.</udom></attrdomv></attr><attr><attrlabl Sync="TRUE">Shape</attrlabl><attalias Sync="TRUE">Shape</attalias><attrtype Sync="TRUE">Geometry</attrtype><attwidth Sync="TRUE">0</attwidth><atprecis Sync="TRUE">0</atprecis><attscale Sync="TRUE">0</attscale><attrdef Sync="TRUE">Feature geometry.</attrdef><attrdefs Sync="TRUE">ESRI</attrdefs><attrdomv><udom Sync="TRUE">Coordinates defining the features.</udom></attrdomv></attr><attr><attrlabl Sync="TRUE">Id</attrlabl><attalias Sync="TRUE">Id</attalias><attrtype Sync="TRUE">Number</attrtype><attwidth Sync="TRUE">6</attwidth></attr><attr><attrlabl Sync="TRUE">Type</attrlabl><attalias Sync="TRUE">Type</attalias><attrtype Sync="TRUE">String</attrtype><attwidth Sync="TRUE">50</attwidth></attr><attr><attrlabl Sync="TRUE">PR</attrlabl><attalias Sync="TRUE">PR</attalias><attrtype Sync="TRUE">String</attrtype><attwidth Sync="TRUE">10</attwidth></attr><attr><attrlabl Sync="TRUE">Day</attrlabl><attalias Sync="TRUE">Day</attalias><attrtype Sync="TRUE">Date</attrtype><attwidth Sync="TRUE">8</attwidth></attr><attr><attrlabl Sync="TRUE">NO</attrlabl><attalias Sync="TRUE">NO</attalias><attrtype Sync="TRUE">String</attrtype><attwidth Sync="TRUE">10</attwidth></attr></detailed></eainfo><mdDateSt Sync="TRUE">20140607</mdDateSt><dataqual><lineage><procstep><procdesc Sync="TRUE">Dataset copied.</procdesc><srcused Sync="TRUE">F:\Paper_Data\Glacial_lake\Data\Shp_2010_projected\2010_G_L_Merge_1</srcused><procdate Sync="TRUE">20140714</procdate><proctime Sync="TRUE">11542800</proctime></procstep><procstep><procdesc Sync="TRUE">Dataset copied.</procdesc><srcused Sync="TRUE"></srcused><procdate Sync="TRUE">20140730</procdate><proctime Sync="TRUE">21554300</proctime></procstep><procstep><procdesc Sync="TRUE">Dataset copied.</procdesc><srcused Sync="TRUE"></srcused><procdate Sync="TRUE">20140731</procdate><proctime Sync="TRUE">07334300</proctime></procstep></lineage></dataqual></metadata>
